{"image_shape": [1280, 1024], "K": [[508.7827441378922, 0.0, 666.3580373196144], [0.0, 508.5838406198772, 503.91865780256114], [0.0, 0.0, 1.0]], "D": [[-0.027540686345699207], [0.008147829468964666], [-0.0305356726969294], [0.015057673148745994]]}