{"image_shape": [640, 480], "K": [[240.0742270720785, 0.0, 303.87271958823317], [0.0, 240.2956790772891, 242.63742883611513], [0.0, 0.0, 1.0]], "D": [[-0.032316597779098725], [-0.014192392170667197], [0.004485507618487958], [-0.0007679973472430706]]}